,year,county,zev_pop,helper,non_zev_pop,zev_sales,gasoline_price,diesel_price,population,EV_chargers
0,2010,Alameda,20,Alameda2010,885402,13,3.090846154,3.157423077,1512986,0
1,2010,Amador,1,Amador2010,30480,1,3.090846154,3.157423077,37886,0
2,2010,Contra Costa,10,Contra Costa2010,666294,9,3.090846154,3.157423077,1052540,0
3,2010,Fresno,2,Fresno2010,481145,2,3.090846154,3.157423077,932039,0
4,2010,Humboldt,2,Humboldt2010,90949,1,3.090846154,3.157423077,135009,0
5,2010,Lake,1,Lake2010,48130,1,3.090846154,3.157423077,64735,0
6,2010,Los Angeles,360,Los Angeles2010,5533094,339,3.090846154,3.157423077,9823246,0
7,2010,Marin,15,Marin2010,174309,14,3.090846154,3.157423077,252904,0
8,2010,Monterey,1,Monterey2010,241846,2,3.090846154,3.157423077,416373,0
9,2010,Napa,4,Napa2010,90481,3,3.090846154,3.157423077,136759,0
10,2010,Orange,38,Orange2010,1866287,37,3.090846154,3.157423077,3015171,0
11,2010,Placer,5,Placer2010,241078,3,3.090846154,3.157423077,350021,0
12,2010,Riverside,4,Riverside2010,1203395,5,3.090846154,3.157423077,2201576,0
13,2010,Sacramento,6,Sacramento2010,807914,3,3.090846154,3.157423077,1421383,0
14,2010,San Benito,1,San Benito2010,35284,1,3.090846154,3.157423077,55516,0
15,2010,San Bernardino,4,San Bernardino2010,1123942,1,3.090846154,3.157423077,2040848,0
16,2010,San Diego,29,San Diego2010,1920251,28,3.090846154,3.157423077,3103212,0
17,2010,San Francisco,24,San Francisco2010,355409,20,3.090846154,3.157423077,805505,0
18,2010,San Joaquin,1,San Joaquin2010,377744,1,3.090846154,3.157423077,687127,0
19,2010,San Mateo,50,San Mateo2010,500508,40,3.090846154,3.157423077,719699,0
20,2010,Santa Barbara,11,Santa Barbara2010,251651,7,3.090846154,3.157423077,424231,0
21,2010,Santa Clara,93,Santa Clara2010,1132294,83,3.090846154,3.157423077,1786040,0
22,2010,Santa Cruz,6,Santa Cruz2010,167294,6,3.090846154,3.157423077,263147,0
23,2010,Sonoma,8,Sonoma2010,321825,7,3.090846154,3.157423077,484755,0
24,2010,Ventura,42,Ventura2010,532296,25,3.090846154,3.157423077,825097,0
25,2011,Alameda,362,Alameda2011,880124,452,3.8165,4.084019231,1530915,0
26,2011,Amador,6,Amador2011,30485,6,3.8165,4.084019231,37543,0
27,2011,Butte,8,Butte2011,132458,10,3.8165,4.084019231,219975,0
28,2011,Calaveras,4,Calaveras2011,39368,4,3.8165,4.084019231,45160,0
29,2011,Contra Costa,158,Contra Costa2011,666604,211,3.8165,4.084019231,1065440,0
30,2011,Del Norte,0,Del Norte2011,15859,1,3.8165,4.084019231,28443,0
31,2011,El Dorado,21,El Dorado2011,128988,29,3.8165,4.084019231,180936,0
32,2011,Fresno,33,Fresno2011,481290,37,3.8165,4.084019231,939406,0
33,2011,Humboldt,9,Humboldt2011,89843,10,3.8165,4.084019231,135243,0
34,2011,Imperial,1,Imperial2011,107635,1,3.8165,4.084019231,175786,0
35,2011,Kern,26,Kern2011,437509,29,3.8165,4.084019231,847970,0
36,2011,Kings,3,Kings2011,68507,3,3.8165,4.084019231,151868,0
37,2011,Lake,3,Lake2011,48088,3,3.8165,4.084019231,64251,0
38,2011,Lassen,0,Lassen2011,18802,1,3.8165,4.084019231,34246,0
39,2011,Los Angeles,1445,Los Angeles2011,5518348,1465,3.8165,4.084019231,9876482,0
40,2011,Madera,5,Madera2011,78711,10,3.8165,4.084019231,151675,0
41,2011,Marin,104,Marin2011,173842,129,3.8165,4.084019231,255376,0
42,2011,Mariposa,1,Mariposa2011,15413,2,3.8165,4.084019231,18170,0
43,2011,Mendocino,3,Mendocino2011,66083,4,3.8165,4.084019231,87334,0
44,2011,Merced,3,Merced2011,133298,3,3.8165,4.084019231,259297,0
45,2011,Monterey,27,Monterey2011,241465,34,3.8165,4.084019231,420456,0
46,2011,Napa,24,Napa2011,90281,31,3.8165,4.084019231,137691,0
47,2011,Nevada,4,Nevada2011,73187,4,3.8165,4.084019231,98701,0
48,2011,Orange,442,Orange2011,1873736,537,3.8165,4.084019231,3049271,0
49,2011,Placer,35,Placer2011,240320,46,3.8165,4.084019231,356328,0
50,2011,Riverside,99,Riverside2011,1211549,131,3.8165,4.084019231,2234070,0
51,2011,Sacramento,101,Sacramento2011,804508,114,3.8165,4.084019231,1433730,0
52,2011,San Benito,4,San Benito2011,35178,5,3.8165,4.084019231,55977,0
53,2011,San Bernardino,66,San Bernardino2011,1122878,88,3.8165,4.084019231,2060827,0
54,2011,San Diego,781,San Diego2011,1915640,1057,3.8165,4.084019231,3137156,0
55,2011,San Francisco,163,San Francisco2011,353737,183,3.8165,4.084019231,815650,0
56,2011,San Joaquin,20,San Joaquin2011,379369,27,3.8165,4.084019231,694354,0
57,2011,San Luis Obispo,35,San Luis Obispo2011,178630,41,3.8165,4.084019231,271058,0
58,2011,San Mateo,339,San Mateo2011,504776,354,3.8165,4.084019231,728344,0
59,2011,Santa Barbara,79,Santa Barbara2011,250966,99,3.8165,4.084019231,425453,0
60,2011,Santa Clara,861,Santa Clara2011,1133618,1000,3.8165,4.084019231,1812054,0
61,2011,Santa Cruz,50,Santa Cruz2011,166606,63,3.8165,4.084019231,264858,0
62,2011,Shasta,9,Shasta2011,118743,10,3.8165,4.084019231,177588,0
63,2011,Solano,24,Solano2011,255749,35,3.8165,4.084019231,416342,0
64,2011,Sonoma,78,Sonoma2011,320561,100,3.8165,4.084019231,487421,0
65,2011,Stanislaus,17,Stanislaus2011,288060,17,3.8165,4.084019231,517560,0
66,2011,Tehama,2,Tehama2011,37791,2,3.8165,4.084019231,63331,0
67,2011,Trinity,1,Trinity2011,10723,1,3.8165,4.084019231,13685,0
68,2011,Tulare,13,Tulare2011,227483,14,3.8165,4.084019231,446784,0
69,2011,Tuolumne,3,Tuolumne2011,42320,2,3.8165,4.084019231,54830,0
70,2011,Ventura,155,Ventura2011,531086,168,3.8165,4.084019231,830099,0
71,2011,Yolo,33,Yolo2011,109944,40,3.8165,4.084019231,201954,0
72,2011,Yuba,2,Yuba2011,40595,3,3.8165,4.084019231,72489,0
73,2012,Alameda,1168,Alameda2012,884729,1165,4.034,4.23,1553764,0
74,2012,Amador,8,Amador2012,30356,3,4.034,4.23,37104,0
75,2012,Butte,28,Butte2012,132130,18,4.034,4.23,220869,0
76,2012,Calaveras,8,Calaveras2012,39567,6,4.034,4.23,44815,0
77,2012,Contra Costa,632,Contra Costa2012,673659,657,4.034,4.23,1077548,0
78,2012,Del Norte,3,Del Norte2012,15644,3,4.034,4.23,28190,0
79,2012,El Dorado,68,El Dorado2012,128462,75,4.034,4.23,180575,0
80,2012,Fresno,76,Fresno2012,486872,58,4.034,4.23,945045,0
81,2012,Humboldt,21,Humboldt2012,89315,15,4.034,4.23,134572,0
82,2012,Imperial,4,Imperial2012,109630,6,4.034,4.23,176575,0
83,2012,Inyo,2,Inyo2012,14907,3,4.034,4.23,18351,0
84,2012,Kern,62,Kern2012,445574,58,4.034,4.23,853606,0
85,2012,Kings,3,Kings2012,69583,3,4.034,4.23,150991,0
86,2012,Lake,10,Lake2012,48721,8,4.034,4.23,63954,0
87,2012,Los Angeles,4716,Los Angeles2012,5530878,4962,4.034,4.23,9935375,0
88,2012,Madera,14,Madera2012,79537,8,4.034,4.23,151527,0
89,2012,Marin,316,Marin2012,173364,299,4.034,4.23,256061,0
90,2012,Mendocino,18,Mendocino2012,66050,14,4.034,4.23,87288,0
91,2012,Merced,16,Merced2012,135154,12,4.034,4.23,260867,0
92,2012,Monterey,76,Monterey2012,243736,72,4.034,4.23,424788,0
93,2012,Napa,81,Napa2012,90674,66,4.034,4.23,138538,0
94,2012,Nevada,19,Nevada2012,72991,21,4.034,4.23,98137,0
95,2012,Orange,2167,Orange2012,1881645,2503,4.034,4.23,3078068,0
96,2012,Placer,118,Placer2012,243277,131,4.034,4.23,360263,0
97,2012,Plumas,1,Plumas2012,16815,2,4.034,4.23,19377,0
98,2012,Riverside,445,Riverside2012,1228399,508,4.034,4.23,2261204,0
99,2012,Sacramento,290,Sacramento2012,811630,283,4.034,4.23,1444852,0
100,2012,San Benito,14,San Benito2012,35966,17,4.034,4.23,56599,0
101,2012,San Bernardino,344,San Bernardino2012,1132833,413,4.034,4.23,2073512,0
102,2012,San Diego,1967,San Diego2012,1931167,1389,4.034,4.23,3174335,0
103,2012,San Francisco,507,San Francisco2012,354656,438,4.034,4.23,828876,0
104,2012,San Joaquin,75,San Joaquin2012,382646,64,4.034,4.23,699593,0
105,2012,San Luis Obispo,82,San Luis Obispo2012,179353,67,4.034,4.23,274160,0
106,2012,San Mateo,816,San Mateo2012,510352,689,4.034,4.23,739224,0
107,2012,Santa Barbara,170,Santa Barbara2012,252663,117,4.034,4.23,429699,0
108,2012,Santa Clara,2511,Santa Clara2012,1140932,2411,4.034,4.23,1837853,0
109,2012,Santa Cruz,154,Santa Cruz2012,167095,153,4.034,4.23,266340,0
110,2012,Shasta,19,Shasta2012,117732,21,4.034,4.23,177875,0
111,2012,Siskiyou,3,Siskiyou2012,34251,7,4.034,4.23,44079,0
112,2012,Solano,107,Solano2012,257811,123,4.034,4.23,419674,0
113,2012,Sonoma,238,Sonoma2012,323367,233,4.034,4.23,489993,0
114,2012,Stanislaus,40,Stanislaus2012,290325,28,4.034,4.23,520424,0
115,2012,Sutter,4,Sutter2012,56491,5,4.034,4.23,94189,0
116,2012,Tehama,4,Tehama2012,37842,4,4.034,4.23,63212,0
117,2012,Trinity,4,Trinity2012,10633,1,4.034,4.23,13489,0
118,2012,Tulare,31,Tulare2012,230802,29,4.034,4.23,449779,0
119,2012,Tuolumne,7,Tuolumne2012,41984,2,4.034,4.23,54221,0
120,2012,Ventura,491,Ventura2012,534659,435,4.034,4.23,833516,0
121,2012,Yolo,87,Yolo2012,109437,76,4.034,4.23,204576,0
122,2012,Yuba,6,Yuba2012,40456,8,4.034,4.23,72774,0
123,2013,Alameda,3622,Alameda2013,917322,2943,3.885865385,4.126057692,1579593,0
124,2013,Alpine,2,Alpine2013,1039,4,3.885865385,4.126057692,1128,0
125,2013,Amador,9,Amador2013,31461,8,3.885865385,4.126057692,36620,0
126,2013,Butte,69,Butte2013,135830,39,3.885865385,4.126057692,221641,0
127,2013,Calaveras,27,Calaveras2013,40843,18,3.885865385,4.126057692,44655,0
128,2013,Contra Costa,1929,Contra Costa2013,698252,1497,3.885865385,4.126057692,1093401,0
129,2013,Del Norte,12,Del Norte2013,15830,3,3.885865385,4.126057692,27816,0
130,2013,El Dorado,212,El Dorado2013,133050,175,3.885865385,4.126057692,181481,0
131,2013,Fresno,226,Fresno2013,503427,146,3.885865385,4.126057692,951514,0
132,2013,Glenn,2,Glenn2013,19061,2,3.885865385,4.126057692,27809,0
133,2013,Humboldt,54,Humboldt2013,91760,35,3.885865385,4.126057692,134403,0
134,2013,Imperial,15,Imperial2013,113063,12,3.885865385,4.126057692,176438,0
135,2013,Inyo,6,Inyo2013,15218,2,3.885865385,4.126057692,18357,0
136,2013,Kern,189,Kern2013,459264,145,3.885865385,4.126057692,862000,0
137,2013,Kings,11,Kings2013,71228,13,3.885865385,4.126057692,150337,0
138,2013,Lake,24,Lake2013,50061,17,3.885865385,4.126057692,63796,0
139,2013,Los Angeles,13852,Los Angeles2013,5690020,11013,3.885865385,4.126057692,9992484,0
140,2013,Madera,27,Madera2013,82070,16,3.885865385,4.126057692,151370,0
141,2013,Marin,946,Marin2013,178103,705,3.885865385,4.126057692,258409,0
142,2013,Mariposa,5,Mariposa2013,15908,4,3.885865385,4.126057692,17809,0
143,2013,Mendocino,43,Mendocino2013,67977,32,3.885865385,4.126057692,87054,0
144,2013,Merced,39,Merced2013,139433,29,3.885865385,4.126057692,262026,0
145,2013,Mono,1,Mono2013,9641,1,3.885865385,4.126057692,14067,0
146,2013,Monterey,211,Monterey2013,251527,171,3.885865385,4.126057692,426712,0
147,2013,Napa,210,Napa2013,94323,149,3.885865385,4.126057692,139580,0
148,2013,Nevada,52,Nevada2013,74537,38,3.885865385,4.126057692,97938,0
149,2013,Orange,6107,Orange2013,1945870,4719,3.885865385,4.126057692,3104950,0
150,2013,Placer,387,Placer2013,251830,304,3.885865385,4.126057692,365398,0
151,2013,Plumas,3,Plumas2013,17019,2,3.885865385,4.126057692,18895,0
152,2013,Riverside,1299,Riverside2013,1276953,964,3.885865385,4.126057692,2286755,0
153,2013,Sacramento,1002,Sacramento2013,839193,801,3.885865385,4.126057692,1457341,0
154,2013,San Benito,45,San Benito2013,37438,28,3.885865385,4.126057692,57239,0
155,2013,San Bernardino,1003,San Bernardino2013,1167485,774,3.885865385,4.126057692,2082738,0
156,2013,San Diego,4448,San Diego2013,2003012,2877,3.885865385,4.126057692,3209768,0
157,2013,San Francisco,1313,San Francisco2013,368001,937,3.885865385,4.126057692,839572,0
158,2013,San Joaquin,218,San Joaquin2013,395126,176,3.885865385,4.126057692,702046,0
159,2013,San Luis Obispo,251,San Luis Obispo2013,185467,160,3.885865385,4.126057692,275696,0
160,2013,San Mateo,2441,San Mateo2013,529074,1838,3.885865385,4.126057692,748661,0
161,2013,Santa Barbara,414,Santa Barbara2013,260928,262,3.885865385,4.126057692,434601,0
162,2013,Santa Clara,7816,Santa Clara2013,1178520,5940,3.885865385,4.126057692,1866425,0
163,2013,Santa Cruz,546,Santa Cruz2013,172542,423,3.885865385,4.126057692,268816,0
164,2013,Shasta,52,Shasta2013,121390,29,3.885865385,4.126057692,178397,0
165,2013,Siskiyou,9,Siskiyou2013,35257,5,3.885865385,4.126057692,43532,0
166,2013,Solano,325,Solano2013,267275,237,3.885865385,4.126057692,423659,0
167,2013,Sonoma,756,Sonoma2013,334893,593,3.885865385,4.126057692,494073,0
168,2013,Stanislaus,108,Stanislaus2013,298876,74,3.885865385,4.126057692,523451,0
169,2013,Sutter,10,Sutter2013,58343,6,3.885865385,4.126057692,94507,0
170,2013,Tehama,6,Tehama2013,39408,6,3.885865385,4.126057692,62875,0
171,2013,Tulare,62,Tulare2013,238536,29,3.885865385,4.126057692,452460,0
172,2013,Tuolumne,12,Tuolumne2013,43389,4,3.885865385,4.126057692,53997,0
173,2013,Ventura,1139,Ventura2013,548331,840,3.885865385,4.126057692,838136,0
174,2013,Yolo,259,Yolo2013,114271,170,3.885865385,4.126057692,206292,0
175,2013,Yuba,18,Yuba2013,41654,7,3.885865385,4.126057692,73090,0
176,2014,Alameda,8304,Alameda2014,945024,4966,3.744788462,4.004230769,1607792,0
177,2014,Alpine,5,Alpine2014,1713,1,3.744788462,4.004230769,1080,0
178,2014,Amador,21,Amador2014,32377,14,3.744788462,4.004230769,36726,0
179,2014,Butte,134,Butte2014,138086,52,3.744788462,4.004230769,223516,0
180,2014,Calaveras,40,Calaveras2014,41952,10,3.744788462,4.004230769,44671,0
181,2014,Colusa,4,Colusa2014,15222,4,3.744788462,4.004230769,21176,0
182,2014,Contra Costa,4233,Contra Costa2014,715671,2401,3.744788462,4.004230769,1108876,0
183,2014,Del Norte,19,Del Norte2014,15688,4,3.744788462,4.004230769,27175,0
184,2014,El Dorado,460,El Dorado2014,135913,227,3.744788462,4.004230769,183108,0
185,2014,Fresno,740,Fresno2014,516116,555,3.744788462,4.004230769,960567,0
186,2014,Glenn,4,Glenn2014,19540,2,3.744788462,4.004230769,27831,0
187,2014,Humboldt,221,Humboldt2014,93068,135,3.744788462,4.004230769,134494,0
188,2014,Imperial,27,Imperial2014,117294,16,3.744788462,4.004230769,177974,0
189,2014,Inyo,9,Inyo2014,15352,2,3.744788462,4.004230769,18292,0
190,2014,Kern,414,Kern2014,471196,205,3.744788462,4.004230769,869176,0
191,2014,Kings,23,Kings2014,72538,15,3.744788462,4.004230769,149495,0
192,2014,Lake,56,Lake2014,51366,36,3.744788462,4.004230769,64044,0
193,2014,Lassen,5,Lassen2014,19019,1,3.744788462,4.004230769,31664,0
194,2014,Los Angeles,28680,Los Angeles2014,5816790,15373,3.744788462,4.004230769,10040072,0
195,2014,Madera,85,Madera2014,84033,50,3.744788462,4.004230769,153456,0
196,2014,Marin,1866,Marin2014,180602,1029,3.744788462,4.004230769,260359,0
197,2014,Mariposa,11,Mariposa2014,16172,5,3.744788462,4.004230769,17714,0
198,2014,Mendocino,130,Mendocino2014,69253,95,3.744788462,4.004230769,87225,0
199,2014,Merced,91,Merced2014,143703,49,3.744788462,4.004230769,264419,0
200,2014,Modoc,0,Modoc2014,6562,1,3.744788462,4.004230769,9068,0
201,2014,Mono,6,Mono2014,9677,2,3.744788462,4.004230769,14134,0
202,2014,Monterey,509,Monterey2014,259198,257,3.744788462,4.004230769,428475,0
203,2014,Napa,423,Napa2014,95647,189,3.744788462,4.004230769,140405,0
204,2014,Nevada,113,Nevada2014,76068,60,3.744788462,4.004230769,98572,0
205,2014,Orange,12668,Orange2014,1991253,6870,3.744788462,4.004230769,3126537,0
206,2014,Placer,882,Placer2014,258140,439,3.744788462,4.004230769,369217,0
207,2014,Plumas,6,Plumas2014,17236,3,3.744788462,4.004230769,18622,0
208,2014,Riverside,2933,Riverside2014,1317751,1542,3.744788462,4.004230769,2316162,0
209,2014,Sacramento,2229,Sacramento2014,863881,1086,3.744788462,4.004230769,1474917,0
210,2014,San Benito,99,San Benito2014,38532,55,3.744788462,4.004230769,57825,0
211,2014,San Bernardino,2295,San Bernardino2014,1201860,1239,3.744788462,4.004230769,2099181,0
212,2014,San Diego,8186,San Diego2014,2045488,4122,3.744788462,4.004230769,3248877,0
213,2014,San Francisco,2618,San Francisco2014,373808,1445,3.744788462,4.004230769,850750,0
214,2014,San Joaquin,537,San Joaquin2014,409085,327,3.744788462,4.004230769,711579,0
215,2014,San Luis Obispo,476,San Luis Obispo2014,189554,218,3.744788462,4.004230769,278227,0
216,2014,San Mateo,4491,San Mateo2014,545796,2328,3.744788462,4.004230769,757204,0
217,2014,Santa Barbara,755,Santa Barbara2014,268208,331,3.744788462,4.004230769,439045,0
218,2014,Santa Clara,16156,Santa Clara2014,1204964,9007,3.744788462,4.004230769,1891753,0
219,2014,Santa Cruz,1090,Santa Cruz2014,176901,564,3.744788462,4.004230769,270861,0
220,2014,Shasta,97,Shasta2014,121875,43,3.744788462,4.004230769,178844,0
221,2014,Sierra,1,Sierra2014,2839,1,3.744788462,4.004230769,2972,0
222,2014,Siskiyou,20,Siskiyou2014,35444,1,3.744788462,4.004230769,43338,0
223,2014,Solano,767,Solano2014,274494,402,3.744788462,4.004230769,429006,0
224,2014,Sonoma,1821,Sonoma2014,343411,1033,3.744788462,4.004230769,498560,0
225,2014,Stanislaus,238,Stanislaus2014,307763,115,3.744788462,4.004230769,528015,0
226,2014,Sutter,34,Sutter2014,59875,20,3.744788462,4.004230769,94778,0
227,2014,Tehama,22,Tehama2014,41992,6,3.744788462,4.004230769,62801,0
228,2014,Trinity,5,Trinity2014,10958,2,3.744788462,4.004230769,13128,0
229,2014,Tulare,126,Tulare2014,244945,57,3.744788462,4.004230769,455138,0
230,2014,Tuolumne,26,Tuolumne2014,44410,15,3.744788462,4.004230769,53851,0
231,2014,Ventura,2243,Ventura2014,557822,1160,3.744788462,4.004230769,842297,0
232,2014,Yolo,498,Yolo2014,117003,243,3.744788462,4.004230769,208398,0
233,2014,Yuba,31,Yuba2014,42531,17,3.744788462,4.004230769,73533,0
234,2015,Alameda,13197,Alameda2015,962566,5536,3.168730769,3.014596154,1634538,0
235,2015,Amador,44,Amador2015,32765,15,3.168730769,3.014596154,37031,0
236,2015,Butte,178,Butte2015,139988,50,3.168730769,3.014596154,224631,0
237,2015,Calaveras,53,Calaveras2015,42461,16,3.168730769,3.014596154,44965,0
238,2015,Colusa,6,Colusa2015,15531,3,3.168730769,3.014596154,21231,0
239,2015,Contra Costa,6769,Contra Costa2015,730630,2609,3.168730769,3.014596154,1124405,0
240,2015,Del Norte,26,Del Norte2015,16035,6,3.168730769,3.014596154,27190,0
241,2015,El Dorado,679,El Dorado2015,137350,214,3.168730769,3.014596154,184569,0
242,2015,Fresno,1306,Fresno2015,530921,541,3.168730769,3.014596154,969488,0
243,2015,Glenn,11,Glenn2015,19773,6,3.168730769,3.014596154,27753,0
244,2015,Humboldt,455,Humboldt2015,94136,136,3.168730769,3.014596154,135102,0
245,2015,Imperial,42,Imperial2015,122830,15,3.168730769,3.014596154,178937,0
246,2015,Inyo,12,Inyo2015,15536,2,3.168730769,3.014596154,18108,0
247,2015,Kern,684,Kern2015,481923,310,3.168730769,3.014596154,876031,0
248,2015,Kings,45,Kings2015,74305,20,3.168730769,3.014596154,150085,0
249,2015,Lake,90,Lake2015,51696,27,3.168730769,3.014596154,64260,0
250,2015,Lassen,6,Lassen2015,19393,3,3.168730769,3.014596154,31256,0
251,2015,Los Angeles,42917,Los Angeles2015,5919246,16892,3.168730769,3.014596154,10085416,0
252,2015,Madera,138,Madera2015,86283,53,3.168730769,3.014596154,153576,0
253,2015,Marin,2826,Marin2015,179826,1105,3.168730769,3.014596154,260916,0
254,2015,Mariposa,13,Mariposa2015,16249,4,3.168730769,3.014596154,17622,0
255,2015,Mendocino,294,Mendocino2015,69993,96,3.168730769,3.014596154,87107,0
256,2015,Merced,153,Merced2015,147554,47,3.168730769,3.014596154,266353,0
257,2015,Mono,8,Mono2015,9766,3,3.168730769,3.014596154,14077,0
258,2015,Monterey,794,Monterey2015,265100,274,3.168730769,3.014596154,430552,0
259,2015,Napa,627,Napa2015,97255,220,3.168730769,3.014596154,140862,0
260,2015,Nevada,204,Nevada2015,76456,79,3.168730769,3.014596154,98676,0
261,2015,Orange,19295,Orange2015,2015583,7329,3.168730769,3.014596154,3149280,0
262,2015,Placer,1356,Placer2015,261815,456,3.168730769,3.014596154,372841,0
263,2015,Plumas,6,Plumas2015,17197,1,3.168730769,3.014596154,18427,0
264,2015,Riverside,4509,Riverside2015,1359642,1608,3.168730769,3.014596154,2345816,0
265,2015,Sacramento,3358,Sacramento2015,886961,1081,3.168730769,3.014596154,1493674,0
266,2015,San Benito,143,San Benito2015,39647,46,3.168730769,3.014596154,58216,0
267,2015,San Bernardino,3506,San Bernardino2015,1236579,1265,3.168730769,3.014596154,2115411,0
268,2015,San Diego,12054,San Diego2015,2083973,4824,3.168730769,3.014596154,3280850,0
269,2015,San Francisco,4045,San Francisco2015,374022,1711,3.168730769,3.014596154,863010,0
270,2015,San Joaquin,867,San Joaquin2015,422665,350,3.168730769,3.014596154,722271,0
271,2015,San Luis Obispo,766,San Luis Obispo2015,191906,271,3.168730769,3.014596154,280077,0
272,2015,San Mateo,6854,San Mateo2015,555410,2827,3.168730769,3.014596154,765055,0
273,2015,Santa Barbara,1069,Santa Barbara2015,272577,347,3.168730769,3.014596154,442229,0
274,2015,Santa Clara,24812,Santa Clara2015,1222380,9821,3.168730769,3.014596154,1916285,0
275,2015,Santa Cruz,1702,Santa Cruz2015,178558,591,3.168730769,3.014596154,273503,0
276,2015,Shasta,144,Shasta2015,122772,36,3.168730769,3.014596154,178314,0
277,2015,Sierra,2,Sierra2015,2912,1,3.168730769,3.014596154,2985,0
278,2015,Siskiyou,28,Siskiyou2015,35994,7,3.168730769,3.014596154,43254,0
279,2015,Solano,1242,Solano2015,282424,445,3.168730769,3.014596154,433409,0
280,2015,Sonoma,2946,Sonoma2015,347000,957,3.168730769,3.014596154,500863,0
281,2015,Stanislaus,464,Stanislaus2015,316995,205,3.168730769,3.014596154,533211,0
282,2015,Sutter,48,Sutter2015,61151,23,3.168730769,3.014596154,95282,0
283,2015,Tehama,27,Tehama2015,41890,4,3.168730769,3.014596154,63158,0
284,2015,Trinity,10,Trinity2015,11050,4,3.168730769,3.014596154,13094,0
285,2015,Tulare,201,Tulare2015,251351,66,3.168730769,3.014596154,457161,0
286,2015,Tuolumne,42,Tuolumne2015,45045,16,3.168730769,3.014596154,53615,0
287,2015,Ventura,3303,Ventura2015,566173,1169,3.168730769,3.014596154,845802,0
288,2015,Yolo,697,Yolo2015,119085,222,3.168730769,3.014596154,212037,0
289,2015,Yuba,44,Yuba2015,43345,13,3.168730769,3.014596154,74045,0
290,2016,Alameda,18116,Alameda2016,997345,5327,2.727230769,2.6535,1650950,0
291,2016,Amador,58,Amador2016,33884,14,2.727230769,2.6535,37429,0
292,2016,Butte,245,Butte2016,144796,50,2.727230769,2.6535,226231,0
293,2016,Calaveras,75,Calaveras2016,44215,19,2.727230769,2.6535,45322,0
294,2016,Colusa,8,Colusa2016,16305,2,2.727230769,2.6535,21496,0
295,2016,Contra Costa,9279,Contra Costa2016,756836,2599,2.727230769,2.6535,1137268,0
296,2016,Del Norte,36,Del Norte2016,16389,2,2.727230769,2.6535,27382,0
297,2016,El Dorado,925,El Dorado2016,142204,198,2.727230769,2.6535,185976,0
298,2016,Fresno,2054,Fresno2016,554754,788,2.727230769,2.6535,976830,0
299,2016,Glenn,19,Glenn2016,20701,7,2.727230769,2.6535,27840,0
300,2016,Humboldt,672,Humboldt2016,97682,94,2.727230769,2.6535,136290,0
301,2016,Imperial,62,Imperial2016,131459,16,2.727230769,2.6535,180179,0
302,2016,Inyo,15,Inyo2016,15941,8,2.727230769,2.6535,17922,0
303,2016,Kern,987,Kern2016,497026,305,2.727230769,2.6535,880856,0
304,2016,Kings,92,Kings2016,76499,31,2.727230769,2.6535,149382,0
305,2016,Lake,115,Lake2016,54241,32,2.727230769,2.6535,63903,0
306,2016,Lassen,6,Lassen2016,19526,3,2.727230769,2.6535,30721,0
307,2016,Los Angeles,60248,Los Angeles2016,6155286,21263,2.727230769,2.6535,10105708,0
308,2016,Madera,192,Madera2016,89419,47,2.727230769,2.6535,153956,0
309,2016,Marin,3852,Marin2016,183940,1139,2.727230769,2.6535,260562,0
310,2016,Mariposa,22,Mariposa2016,16555,9,2.727230769,2.6535,17456,0
311,2016,Mendocino,440,Mendocino2016,73250,77,2.727230769,2.6535,87285,0
312,2016,Merced,225,Merced2016,155609,59,2.727230769,2.6535,267628,0
313,2016,Mono,15,Mono2016,10289,6,2.727230769,2.6535,14273,0
314,2016,Monterey,1093,Monterey2016,276640,300,2.727230769,2.6535,433953,0
315,2016,Napa,888,Napa2016,100108,234,2.727230769,2.6535,140840,0
316,2016,Nevada,324,Nevada2016,79306,84,2.727230769,2.6535,98913,0
317,2016,Orange,26744,Orange2016,2091030,8951,2.727230769,2.6535,3164986,0
318,2016,Placer,1820,Placer2016,272477,480,2.727230769,2.6535,378943,0
319,2016,Plumas,11,Plumas2016,17894,5,2.727230769,2.6535,18665,0
320,2016,Riverside,6312,Riverside2016,1426441,1857,2.727230769,2.6535,2380081,0
321,2016,Sacramento,4543,Sacramento2016,924999,1109,2.727230769,2.6535,1510987,0
322,2016,San Benito,209,San Benito2016,41896,49,2.727230769,2.6535,59225,0
323,2016,San Bernardino,4894,San Bernardino2016,1291636,1454,2.727230769,2.6535,2131960,0
324,2016,San Diego,16908,San Diego2016,2165637,5218,2.727230769,2.6535,3306089,0
325,2016,San Francisco,5528,San Francisco2016,382490,1900,2.727230769,2.6535,871512,0
326,2016,San Joaquin,1439,San Joaquin2016,444390,433,2.727230769,2.6535,732809,0
327,2016,San Luis Obispo,1061,San Luis Obispo2016,197388,265,2.727230769,2.6535,281803,0
328,2016,San Mateo,9397,San Mateo2016,567104,3001,2.727230769,2.6535,767906,0
329,2016,Santa Barbara,1566,Santa Barbara2016,283310,510,2.727230769,2.6535,444340,0
330,2016,Santa Clara,33564,Santa Clara2016,1261603,10482,2.727230769,2.6535,1928368,0
331,2016,Santa Cruz,2273,Santa Cruz2016,185148,573,2.727230769,2.6535,274396,0
332,2016,Shasta,191,Shasta2016,126316,49,2.727230769,2.6535,178571,0
333,2016,Siskiyou,35,Siskiyou2016,37724,6,2.727230769,2.6535,43376,0
334,2016,Solano,1644,Solano2016,292579,389,2.727230769,2.6535,438858,0
335,2016,Sonoma,4084,Sonoma2016,359818,997,2.727230769,2.6535,502547,0
336,2016,Stanislaus,810,Stanislaus2016,333680,252,2.727230769,2.6535,539255,0
337,2016,Sutter,70,Sutter2016,63565,14,2.727230769,2.6535,95742,0
338,2016,Tehama,33,Tehama2016,42937,5,2.727230769,2.6535,63453,0
339,2016,Trinity,18,Trinity2016,11388,3,2.727230769,2.6535,12828,0
340,2016,Tulare,281,Tulare2016,263354,93,2.727230769,2.6535,459235,0
341,2016,Tuolumne,59,Tuolumne2016,46649,12,2.727230769,2.6535,53770,0
342,2016,Ventura,4447,Ventura2016,584237,1402,2.727230769,2.6535,847323,0
343,2016,Yolo,924,Yolo2016,124130,225,2.727230769,2.6535,215627,0
344,2016,Yuba,68,Yuba2016,45695,15,2.727230769,2.6535,74952,0
345,2017,Alameda,24758,Alameda2017,1111230,7056,3.022692308,3.067307692,1660196,0
346,2017,Alpine,3,Alpine2017,1527,1,3.022692308,3.067307692,1111,0
347,2017,Amador,92,Amador2017,38303,21,3.022692308,3.067307692,38529,0
348,2017,Butte,395,Butte2017,162254,88,3.022692308,3.067307692,228696,0
349,2017,Calaveras,115,Calaveras2017,50157,24,3.022692308,3.067307692,45681,0
350,2017,Colusa,12,Colusa2017,18276,3,3.022692308,3.067307692,21579,0
351,2017,Contra Costa,12882,Contra Costa2017,848194,3475,3.022692308,3.067307692,1145535,0
352,2017,Del Norte,47,Del Norte2017,18299,9,3.022692308,3.067307692,27351,0
353,2017,El Dorado,1314,El Dorado2017,161196,316,3.022692308,3.067307692,188679,0
354,2017,Fresno,3198,Fresno2017,628363,1058,3.022692308,3.067307692,985238,0
355,2017,Glenn,24,Glenn2017,23472,4,3.022692308,3.067307692,27926,0
356,2017,Humboldt,960,Humboldt2017,108338,125,3.022692308,3.067307692,136507,0
357,2017,Imperial,109,Imperial2017,149855,31,3.022692308,3.067307692,181649,0
358,2017,Inyo,26,Inyo2017,18114,9,3.022692308,3.067307692,17868,0
359,2017,Kern,1492,Kern2017,558043,380,3.022692308,3.067307692,887356,0
360,2017,Kings,183,Kings2017,86789,56,3.022692308,3.067307692,149665,0
361,2017,Lake,203,Lake2017,61025,39,3.022692308,3.067307692,64111,0
362,2017,Lassen,8,Lassen2017,21564,2,3.022692308,3.067307692,30920,0
363,2017,Los Angeles,83975,Los Angeles2017,6849439,26766,3.022692308,3.067307692,10103711,0
364,2017,Madera,281,Madera2017,101652,89,3.022692308,3.067307692,155423,0
365,2017,Marin,5227,Marin2017,203815,1468,3.022692308,3.067307692,259749,0
366,2017,Mariposa,28,Mariposa2017,18468,5,3.022692308,3.067307692,17414,0
367,2017,Mendocino,601,Mendocino2017,81333,99,3.022692308,3.067307692,87576,0
368,2017,Merced,348,Merced2017,177219,92,3.022692308,3.067307692,271096,0
369,2017,Modoc,2,Modoc2017,7764,1,3.022692308,3.067307692,8876,0
370,2017,Mono,22,Mono2017,11550,3,3.022692308,3.067307692,14354,0
371,2017,Monterey,1566,Monterey2017,311514,395,3.022692308,3.067307692,434534,0
372,2017,Napa,1222,Napa2017,111696,286,3.022692308,3.067307692,139878,0
373,2017,Nevada,475,Nevada2017,89169,97,3.022692308,3.067307692,99367,0
374,2017,Orange,38133,Orange2017,2340788,11398,3.022692308,3.067307692,3174289,0
375,2017,Placer,2625,Placer2017,308992,622,3.022692308,3.067307692,385115,0
376,2017,Plumas,18,Plumas2017,20174,4,3.022692308,3.067307692,18660,0
377,2017,Riverside,9774,Riverside2017,1622260,2699,3.022692308,3.067307692,2414964,0
378,2017,Sacramento,6860,Sacramento2017,1046156,1639,3.022692308,3.067307692,1527301,0
379,2017,San Benito,347,San Benito2017,47857,89,3.022692308,3.067307692,60164,0
380,2017,San Bernardino,7400,San Bernardino2017,1463236,2076,3.022692308,3.067307692,2150945,0
381,2017,San Diego,23347,San Diego2017,2434649,6453,3.022692308,3.067307692,3321237,0
382,2017,San Francisco,7748,San Francisco2017,420351,2363,3.022692308,3.067307692,878040,0
383,2017,San Joaquin,2328,San Joaquin2017,507690,580,3.022692308,3.067307692,743296,0
384,2017,San Luis Obispo,1648,San Luis Obispo2017,220486,372,3.022692308,3.067307692,282481,0
385,2017,San Mateo,12615,San Mateo2017,637323,3416,3.022692308,3.067307692,768901,0
386,2017,Santa Barbara,2353,Santa Barbara2017,317578,655,3.022692308,3.067307692,445298,0
387,2017,Santa Clara,44014,Santa Clara2017,1402527,12688,3.022692308,3.067307692,1932510,0
388,2017,Santa Cruz,3053,Santa Cruz2017,206960,682,3.022692308,3.067307692,274856,0
389,2017,Shasta,296,Shasta2017,140389,67,3.022692308,3.067307692,179384,0
390,2017,Siskiyou,47,Siskiyou2017,41855,14,3.022692308,3.067307692,43622,0
391,2017,Solano,2424,Solano2017,330286,528,3.022692308,3.067307692,443511,0
392,2017,Sonoma,6252,Sonoma2017,401005,1595,3.022692308,3.067307692,502469,0
393,2017,Stanislaus,1188,Stanislaus2017,378037,299,3.022692308,3.067307692,544717,0
394,2017,Sutter,112,Sutter2017,71649,30,3.022692308,3.067307692,96204,0
395,2017,Tehama,56,Tehama2017,47705,7,3.022692308,3.067307692,63847,0
396,2017,Trinity,22,Trinity2017,12372,3,3.022692308,3.067307692,12726,0
397,2017,Tulare,609,Tulare2017,299138,251,3.022692308,3.067307692,462308,0
398,2017,Tuolumne,95,Tuolumne2017,52475,22,3.022692308,3.067307692,53976,0
399,2017,Ventura,6264,Ventura2017,654114,1831,3.022692308,3.067307692,849044,0
400,2017,Yolo,1344,Yolo2017,140217,331,3.022692308,3.067307692,218477,0
401,2017,Yuba,101,Yuba2017,51477,21,3.022692308,3.067307692,76578,0
402,2018,Alameda,34389,Alameda2018,1111486,12578,3.482735849,3.873792453,1666756,0
403,2018,Alpine,4,Alpine2018,1529,1,3.482735849,3.873792453,1089,0
404,2018,Amador,128,Amador2018,38533,35,3.482735849,3.873792453,39405,0
405,2018,Butte,588,Butte2018,161666,183,3.482735849,3.873792453,230339,0
406,2018,Calaveras,177,Calaveras2018,50452,50,3.482735849,3.873792453,45698,0
407,2018,Colusa,21,Colusa2018,18425,8,3.482735849,3.873792453,21418,0
408,2018,Contra Costa,18253,Contra Costa2018,852651,6420,3.482735849,3.873792453,1150519,0
409,2018,Del Norte,64,Del Norte2018,18683,13,3.482735849,3.873792453,27740,0
410,2018,El Dorado,1894,El Dorado2018,162971,584,3.482735849,3.873792453,190746,0
411,2018,Fresno,4154,Fresno2018,641795,1107,3.482735849,3.873792453,991950,0
412,2018,Glenn,35,Glenn2018,23835,10,3.482735849,3.873792453,27967,0
413,2018,Humboldt,1170,Humboldt2018,107341,157,3.482735849,3.873792453,136244,0
414,2018,Imperial,163,Imperial2018,152977,49,3.482735849,3.873792453,181523,0
415,2018,Inyo,42,Inyo2018,18335,16,3.482735849,3.873792453,17946,0
416,2018,Kern,2092,Kern2018,566988,616,3.482735849,3.873792453,893758,0
417,2018,Kings,272,Kings2018,87962,75,3.482735849,3.873792453,151382,0
418,2018,Lake,265,Lake2018,61418,47,3.482735849,3.873792453,64317,0
419,2018,Lassen,14,Lassen2018,21578,2,3.482735849,3.873792453,30618,0
420,2018,Los Angeles,113139,Los Angeles2018,6837143,39657,3.482735849,3.873792453,10073906,0
421,2018,Madera,362,Madera2018,103610,81,3.482735849,3.873792453,156882,0
422,2018,Marin,6932,Marin2018,202895,2228,3.482735849,3.873792453,259662,0
423,2018,Mariposa,57,Mariposa2018,18357,27,3.482735849,3.873792453,17405,0
424,2018,Mendocino,726,Mendocino2018,81304,159,3.482735849,3.873792453,87401,0
425,2018,Merced,567,Merced2018,181567,147,3.482735849,3.873792453,274151,0
426,2018,Mono,31,Mono2018,11640,11,3.482735849,3.873792453,14403,0
427,2018,Monterey,2257,Monterey2018,316498,678,3.482735849,3.873792453,433950,0
428,2018,Napa,1649,Napa2018,112242,503,3.482735849,3.873792453,138789,0
429,2018,Nevada,680,Nevada2018,89662,162,3.482735849,3.873792453,99508,0
430,2018,Orange,53597,Orange2018,2348029,19755,3.482735849,3.873792453,3175973,0
431,2018,Placer,3804,Placer2018,315536,1179,3.482735849,3.873792453,392330,0
432,2018,Plumas,28,Plumas2018,20474,8,3.482735849,3.873792453,18741,0
433,2018,Riverside,14102,Riverside2018,1651149,4458,3.482735849,3.873792453,2445789,0
434,2018,Sacramento,10313,Sacramento2018,1059500,3283,3.482735849,3.873792453,1538746,0
435,2018,San Benito,478,San Benito2018,49469,103,3.482735849,3.873792453,61467,0
436,2018,San Bernardino,10693,San Bernardino2018,1484530,3621,3.482735849,3.873792453,2166753,0
437,2018,San Diego,33694,San Diego2018,2443399,11768,3.482735849,3.873792453,3333861,0
438,2018,San Francisco,11172,San Francisco2018,414377,4148,3.482735849,3.873792453,880696,0
439,2018,San Joaquin,3458,San Joaquin2018,519672,1160,3.482735849,3.873792453,752491,0
440,2018,San Luis Obispo,2476,San Luis Obispo2018,221429,740,3.482735849,3.873792453,283354,0
441,2018,San Mateo,18132,San Mateo2018,642082,6827,3.482735849,3.873792453,768681,0
442,2018,Santa Barbara,3321,Santa Barbara2018,319819,1081,3.482735849,3.873792453,445780,0
443,2018,Santa Clara,59440,Santa Clara2018,1399841,22311,3.482735849,3.873792453,1932337,0
444,2018,Santa Cruz,3988,Santa Cruz2018,206587,1088,3.482735849,3.873792453,273841,0
445,2018,Shasta,442,Shasta2018,140931,127,3.482735849,3.873792453,179709,0
446,2018,Siskiyou,68,Siskiyou2018,41673,14,3.482735849,3.873792453,43550,0
447,2018,Solano,3414,Solano2018,335679,972,3.482735849,3.873792453,445725,0
448,2018,Sonoma,7992,Sonoma2018,400438,2073,3.482735849,3.873792453,498643,0
449,2018,Stanislaus,1603,Stanislaus2018,385094,432,3.482735849,3.873792453,548126,0
450,2018,Sutter,173,Sutter2018,72396,55,3.482735849,3.873792453,96348,0
451,2018,Tehama,75,Tehama2018,47941,13,3.482735849,3.873792453,64018,0
452,2018,Trinity,26,Trinity2018,12032,4,3.482735849,3.873792453,12567,0
453,2018,Tulare,852,Tulare2018,303925,216,3.482735849,3.873792453,464589,0
454,2018,Tuolumne,136,Tuolumne2018,53097,38,3.482735849,3.873792453,54387,0
455,2018,Ventura,8869,Ventura2018,656772,3096,3.482735849,3.873792453,848142,0
456,2018,Yolo,1981,Yolo2018,141546,638,3.482735849,3.873792453,220118,0
457,2018,Yuba,148,Yuba2018,52265,41,3.482735849,3.873792453,77557,0
458,2019,Alameda,42451,Alameda2019,1110871,11781,3.602134615,3.922519231,1671329,0
459,2019,Alpine,6,Alpine2019,1553,3,3.602134615,3.922519231,1129,0
460,2019,Amador,175,Amador2019,39132,31,3.602134615,3.922519231,39752,0
461,2019,Butte,796,Butte2019,154139,170,3.602134615,3.922519231,219186,0
462,2019,Calaveras,224,Calaveras2019,50718,45,3.602134615,3.922519231,45905,0
463,2019,Colusa,28,Colusa2019,18803,3,3.602134615,3.922519231,21547,0
464,2019,Contra Costa,22803,Contra Costa2019,857946,5720,3.602134615,3.922519231,1153526,0
465,2019,Del Norte,76,Del Norte2019,19000,16,3.602134615,3.922519231,27812,0
466,2019,El Dorado,2381,El Dorado2019,163955,547,3.602134615,3.922519231,192843,0
467,2019,Fresno,5015,Fresno2019,657283,1130,3.602134615,3.922519231,999101,0
468,2019,Glenn,53,Glenn2019,24410,11,3.602134615,3.922519231,28393,0
469,2019,Humboldt,1367,Humboldt2019,107404,143,3.602134615,3.922519231,135558,0
470,2019,Imperial,234,Imperial2019,157228,57,3.602134615,3.922519231,181215,0
471,2019,Inyo,53,Inyo2019,18515,8,3.602134615,3.922519231,18039,0
472,2019,Kern,2785,Kern2019,577672,594,3.602134615,3.922519231,900202,0
473,2019,Kings,367,Kings2019,90430,63,3.602134615,3.922519231,152940,0
474,2019,Lake,355,Lake2019,61883,50,3.602134615,3.922519231,64386,0
475,2019,Lassen,13,Lassen2019,21814,4,3.602134615,3.922519231,30573,0
476,2019,Los Angeles,139111,Los Angeles2019,6829703,38219,3.602134615,3.922519231,10039107,0
477,2019,Madera,480,Madera2019,106033,87,3.602134615,3.922519231,157327,0
478,2019,Marin,8438,Marin2019,200629,2132,3.602134615,3.922519231,258826,0
479,2019,Mariposa,69,Mariposa2019,18598,15,3.602134615,3.922519231,17203,0
480,2019,Mendocino,847,Mendocino2019,82115,107,3.602134615,3.922519231,86749,0
481,2019,Merced,784,Merced2019,186554,149,3.602134615,3.922519231,277680,0
482,2019,Mono,41,Mono2019,11928,11,3.602134615,3.922519231,14444,0
483,2019,Monterey,2876,Monterey2019,320262,582,3.602134615,3.922519231,434061,0
484,2019,Napa,2006,Napa2019,112203,460,3.602134615,3.922519231,137744,0
485,2019,Nevada,885,Nevada2019,90007,159,3.602134615,3.922519231,99755,0
486,2019,Orange,67427,Orange2019,2353724,19066,3.602134615,3.922519231,3175692,0
487,2019,Placer,5190,Placer2019,322841,1235,3.602134615,3.922519231,398329,0
488,2019,Plumas,34,Plumas2019,20747,7,3.602134615,3.922519231,18807,0
489,2019,Riverside,19075,Riverside2019,1686240,4719,3.602134615,3.922519231,2470546,0
490,2019,Sacramento,13770,Sacramento2019,1077041,3211,3.602134615,3.922519231,1552058,0
491,2019,San Benito,600,San Benito2019,50946,121,3.602134615,3.922519231,62808,0
492,2019,San Bernardino,14478,San Bernardino2019,1510401,3887,3.602134615,3.922519231,2180085,0
493,2019,San Diego,43982,San Diego2019,2453443,11114,3.602134615,3.922519231,3338330,0
494,2019,San Francisco,13659,San Francisco2019,407497,3773,3.602134615,3.922519231,881549,0
495,2019,San Joaquin,4804,San Joaquin2019,532053,1235,3.602134615,3.922519231,762148,0
496,2019,San Luis Obispo,3316,San Luis Obispo2019,222583,641,3.602134615,3.922519231,283111,0
497,2019,San Mateo,22544,San Mateo2019,645960,6042,3.602134615,3.922519231,766573,0
498,2019,Santa Barbara,4162,Santa Barbara2019,322774,946,3.602134615,3.922519231,446499,0
499,2019,Santa Clara,70286,Santa Clara2019,1392022,19906,3.602134615,3.922519231,1927852,0
500,2019,Santa Cruz,4866,Santa Cruz2019,206482,964,3.602134615,3.922519231,273213,0
501,2019,Shasta,578,Shasta2019,142345,104,3.602134615,3.922519231,180080,0
502,2019,Siskiyou,83,Siskiyou2019,42039,11,3.602134615,3.922519231,43539,0
503,2019,Solano,4502,Solano2019,338929,986,3.602134615,3.922519231,447643,0
504,2019,Sonoma,9121,Sonoma2019,401507,1629,3.602134615,3.922519231,494336,0
505,2019,Stanislaus,2151,Stanislaus2019,393562,440,3.602134615,3.922519231,550660,0
506,2019,Sutter,283,Sutter2019,73794,75,3.602134615,3.922519231,96971,0
507,2019,Tehama,109,Tehama2019,49076,26,3.602134615,3.922519231,65084,0
508,2019,Trinity,33,Trinity2019,11991,5,3.602134615,3.922519231,12285,0
509,2019,Tulare,1164,Tulare2019,311414,226,3.602134615,3.922519231,466195,0
510,2019,Tuolumne,191,Tuolumne2019,53674,45,3.602134615,3.922519231,54478,0
511,2019,Ventura,11385,Ventura2019,661157,2916,3.602134615,3.922519231,846006,0
512,2019,Yolo,2595,Yolo2019,143002,600,3.602134615,3.922519231,220500,0
513,2019,Yuba,235,Yuba2019,53708,59,3.602134615,3.922519231,78668,0
514,2020,Alameda,45785,Alameda2020,1082411,9978,3.0495,3.376942308,1679844,0
515,2020,Alpine,11,Alpine2020,1588,2,3.0495,3.376942308,1198,0
516,2020,Amador,226,Amador2020,39361,35,3.0495,3.376942308,40541,0
517,2020,Butte,982,Butte2020,150600,209,3.0495,3.376942308,210083,0
518,2020,Calaveras,276,Calaveras2020,50925,54,3.0495,3.376942308,45327,0
519,2020,Colusa,45,Colusa2020,19003,5,3.0495,3.376942308,21853,0
520,2020,Contra Costa,25938,Contra Costa2020,845095,5672,3.0495,3.376942308,1165562,0
521,2020,Del Norte,92,Del Norte2020,19235,11,3.0495,3.376942308,27709,0
522,2020,El Dorado,2795,El Dorado2020,163482,598,3.0495,3.376942308,191114,0
523,2020,Fresno,5481,Fresno2020,669380,1172,3.0495,3.376942308,1008966,0
524,2020,Glenn,65,Glenn2020,24519,20,3.0495,3.376942308,28893,0
525,2020,Humboldt,1475,Humboldt2020,107979,128,3.0495,3.376942308,136351,0
526,2020,Imperial,288,Imperial2020,163755,59,3.0495,3.376942308,179489,0
527,2020,Inyo,78,Inyo2020,18482,22,3.0495,3.376942308,19023,0
528,2020,Kern,3222,Kern2020,586387,706,3.0495,3.376942308,909997,0
529,2020,Kings,379,Kings2020,92194,88,3.0495,3.376942308,152627,0
530,2020,Lake,376,Lake2020,62729,43,3.0495,3.376942308,68174,0
531,2020,Lassen,14,Lassen2020,21757,3,3.0495,3.376942308,32719,0
532,2020,Los Angeles,154234,Los Angeles2020,6637973,38249,3.0495,3.376942308,9989165,0
533,2020,Madera,574,Madera2020,108140,106,3.0495,3.376942308,156620,0
534,2020,Marin,9657,Marin2020,195113,2260,3.0495,3.376942308,261776,0
535,2020,Mariposa,81,Mariposa2020,18196,14,3.0495,3.376942308,17124,0
536,2020,Mendocino,924,Mendocino2020,82480,112,3.0495,3.376942308,91354,0
537,2020,Merced,968,Merced2020,191277,169,3.0495,3.376942308,281726,0
538,2020,Mono,67,Mono2020,11792,22,3.0495,3.376942308,13206,0
539,2020,Monterey,3429,Monterey2020,320021,677,3.0495,3.376942308,438500,0
540,2020,Napa,2365,Napa2020,109913,499,3.0495,3.376942308,137608,0
541,2020,Nevada,1113,Nevada2020,89115,245,3.0495,3.376942308,102199,0
542,2020,Orange,76706,Orange2020,2304860,19104,3.0495,3.376942308,3184101,0
543,2020,Placer,6339,Placer2020,321626,1465,3.0495,3.376942308,405741,0
544,2020,Plumas,52,Plumas2020,20630,14,3.0495,3.376942308,19769,0
545,2020,Riverside,22953,Riverside2020,1704431,5135,3.0495,3.376942308,2422764,0
546,2020,Sacramento,15855,Sacramento2020,1076329,3406,3.0495,3.376942308,1586241,0
547,2020,San Benito,718,San Benito2020,51852,140,3.0495,3.376942308,64507,0
548,2020,San Bernardino,17279,San Bernardino2020,1523825,3946,3.0495,3.376942308,2182740,0
549,2020,San Diego,51616,San Diego2020,2426015,12219,3.0495,3.376942308,3297252,0
550,2020,San Francisco,16134,San Francisco2020,393583,4635,3.0495,3.376942308,870014,0
551,2020,San Joaquin,5918,San Joaquin2020,540528,1413,3.0495,3.376942308,780517,0
552,2020,San Luis Obispo,3964,San Luis Obispo2020,220064,785,3.0495,3.376942308,282231,0
553,2020,San Mateo,24890,San Mateo2020,582861,5489,3.0495,3.376942308,762453,0
554,2020,Santa Barbara,5088,Santa Barbara2020,320830,1287,3.0495,3.376942308,448096,0
555,2020,Santa Clara,73092,Santa Clara2020,1337163,15281,3.0495,3.376942308,1930598,0
556,2020,Santa Cruz,5420,Santa Cruz2020,202052,1006,3.0495,3.376942308,270353,0
557,2020,Shasta,734,Shasta2020,142748,151,3.0495,3.376942308,181893,0
558,2020,Sierra,7,Sierra2020,3461,3,3.0495,3.376942308,3228,0
559,2020,Siskiyou,98,Siskiyou2020,41788,14,3.0495,3.376942308,43962,0
560,2020,Solano,5139,Solano2020,338337,960,3.0495,3.376942308,453274,0
561,2020,Sonoma,9868,Sonoma2020,397701,1609,3.0495,3.376942308,488345,0
562,2020,Stanislaus,2606,Stanislaus2020,399750,531,3.0495,3.376942308,552710,0
563,2020,Sutter,364,Sutter2020,73601,86,3.0495,3.376942308,99480,0
564,2020,Tehama,143,Tehama2020,48969,31,3.0495,3.376942308,65615,0
565,2020,Trinity,47,Trinity2020,11943,8,3.0495,3.376942308,16088,0
566,2020,Tulare,1391,Tulare2020,318818,290,3.0495,3.376942308,473736,0
567,2020,Tuolumne,240,Tuolumne2020,53232,50,3.0495,3.376942308,55516,0
568,2020,Ventura,13080,Ventura2020,655295,2965,3.0495,3.376942308,842921,0
569,2020,Yolo,2948,Yolo2020,140608,545,3.0495,3.376942308,216255,0
570,2020,Yuba,289,Yuba2020,54348,63,3.0495,3.376942308,81932,0
571,2021,Alameda,56405,Alameda2021,1104736,15264,4.012596154,4.164269231,1648556,3697
572,2021,Alpine,20,Alpine2021,1622,11,4.012596154,4.164269231,1235,14
573,2021,Amador,301,Amador2021,42202,65,4.012596154,4.164269231,41259,39
574,2021,Butte,1326,Butte2021,157970,348,4.012596154,4.164269231,208309,94
575,2021,Calaveras,369,Calaveras2021,54320,92,4.012596154,4.164269231,46221,21
576,2021,Colusa,75,Colusa2021,20088,18,4.012596154,4.164269231,21917,38
577,2021,Contra Costa,33563,Contra Costa2021,870503,9583,4.012596154,4.164269231,1161413,1451
578,2021,Del Norte,110,Del Norte2021,20619,13,4.012596154,4.164269231,28100,29
579,2021,El Dorado,3655,El Dorado2021,169461,937,4.012596154,4.164269231,193221,179
580,2021,Fresno,7700,Fresno2021,705264,2364,4.012596154,4.164269231,1013581,1133
581,2021,Glenn,102,Glenn2021,26068,27,4.012596154,4.164269231,28805,14
582,2021,Humboldt,1801,Humboldt2021,112127,252,4.012596154,4.164269231,136310,150
583,2021,Imperial,516,Imperial2021,176591,212,4.012596154,4.164269231,179851,31
584,2021,Inyo,124,Inyo2021,20251,35,4.012596154,4.164269231,18970,42
585,2021,Kern,4954,Kern2021,619730,1703,4.012596154,4.164269231,917673,416
586,2021,Kings,639,Kings2021,98692,207,4.012596154,4.164269231,153443,204
587,2021,Lake,461,Lake2021,66714,79,4.012596154,4.164269231,68766,14
588,2021,Lassen,26,Lassen2021,23823,5,4.012596154,4.164269231,33159,13
589,2021,Los Angeles,205735,Los Angeles2021,6906700,67296,4.012596154,4.164269231,9829544,20950
590,2021,Madera,903,Madera2021,115772,272,4.012596154,4.164269231,159410,130
591,2021,Marin,12313,Marin2021,199484,3502,4.012596154,4.164269231,260206,739
592,2021,Mariposa,108,Mariposa2021,19409,30,4.012596154,4.164269231,17147,24
593,2021,Mendocino,1116,Mendocino2021,85816,190,4.012596154,4.164269231,91305,160
594,2021,Merced,1504,Merced2021,205387,429,4.012596154,4.164269231,286461,125
595,2021,Modoc,7,Modoc2021,8736,3,4.012596154,4.164269231,8661,12
596,2021,Mono,101,Mono2021,12549,37,4.012596154,4.164269231,13247,32
597,2021,Monterey,4748,Monterey2021,336107,1344,4.012596154,4.164269231,437325,452
598,2021,Napa,3204,Napa2021,113586,911,4.012596154,4.164269231,136207,393
599,2021,Nevada,1485,Nevada2021,92207,373,4.012596154,4.164269231,103487,116
600,2021,Orange,99538,Orange2021,2360966,31917,4.012596154,4.164269231,3167809,5852
601,2021,Placer,8722,Placer2021,332753,2699,4.012596154,4.164269231,412300,419
602,2021,Plumas,91,Plumas2021,21913,34,4.012596154,4.164269231,19915,7
603,2021,Riverside,33671,Riverside2021,1796688,11097,4.012596154,4.164269231,2458395,1548
604,2021,Sacramento,23334,Sacramento2021,1147732,6212,4.012596154,4.164269231,1588921,1813
605,2021,San Benito,1034,San Benito2021,55906,299,4.012596154,4.164269231,66677,47
606,2021,San Bernardino,25023,San Bernardino2021,1612336,8355,4.012596154,4.164269231,2194710,1367
607,2021,San Diego,69764,San Diego2021,2514850,21630,4.012596154,4.164269231,3286069,10080
608,2021,San Francisco,21592,San Francisco2021,403704,6812,4.012596154,4.164269231,815201,1630
609,2021,San Joaquin,8868,San Joaquin2021,572534,3030,4.012596154,4.164269231,789410,442
610,2021,San Luis Obispo,5323,San Luis Obispo2021,230363,1343,4.012596154,4.164269231,283159,566
611,2021,San Mateo,32205,San Mateo2021,574192,8250,4.012596154,4.164269231,737888,4511
612,2021,Santa Barbara,6880,Santa Barbara2021,335141,1948,4.012596154,4.164269231,446475,557
613,2021,Santa Clara,85560,Santa Clara2021,1353643,22826,4.012596154,4.164269231,1885508,15987
614,2021,Santa Cruz,6713,Santa Cruz2021,210294,1508,4.012596154,4.164269231,267792,307
615,2021,Shasta,1103,Shasta2021,148623,359,4.012596154,4.164269231,182139,86
616,2021,Sierra,10,Sierra2021,3955,1,4.012596154,4.164269231,3283,1
617,2021,Siskiyou,167,Siskiyou2021,44588,37,4.012596154,4.164269231,44118,72
618,2021,Solano,7093,Solano2021,353871,2082,4.012596154,4.164269231,451716,471
619,2021,Sonoma,12228,Sonoma2021,412875,2701,4.012596154,4.164269231,485887,794
620,2021,Stanislaus,3882,Stanislaus2021,418307,1143,4.012596154,4.164269231,552999,151
621,2021,Sutter,604,Sutter2021,76936,222,4.012596154,4.164269231,99063,27
622,2021,Tehama,220,Tehama2021,51270,73,4.012596154,4.164269231,65498,35
623,2021,Trinity,53,Trinity2021,12741,8,4.012596154,4.164269231,16060,6
624,2021,Tulare,2088,Tulare2021,340873,608,4.012596154,4.164269231,477054,123
625,2021,Tuolumne,359,Tuolumne2021,56757,91,4.012596154,4.164269231,55810,78
626,2021,Ventura,17367,Ventura2021,676550,5352,4.012596154,4.164269231,839784,894
627,2021,Yolo,3953,Yolo2021,152949,976,4.012596154,4.164269231,216986,394
628,2021,Yuba,457,Yuba2021,57869,125,4.012596154,4.164269231,83421,32